id,text,label,second_label,confidence,flag,note
635,HiGood evening have you had dinner? Come out for dinner Are You still busy Now? ;),,,,,
28,"WELLS FARGO: Update>: A decision has been made, your account is suspended. Visit http://VERIFYWELLSFARGO.GA to regain access now! This action takes few seconds. O° A",,,,,
367,Hi juytrplmwsaqz.us,,,,,
63,From: NETFLIX Msg: NETFLIX monthly payment Unsuccesful and Your account is temporary Locked. See The Complete Details In The Attachment Below. Subscription-failed56756... Additional media content is included. Please check the message in detail,,,,,
524,You have been in contact with someone who has the COV-19 Variant. Please follow instructions here: hse.service-report.com/?book to order a testing kit.,,,,,
SOURCE-charity-10,,,,,NEEDS_SOURCING,
890,"[I.R.S ] You will receive a tax refund of $573.00, but cannot process it due to incomplete personal information. Please confirm your information in the link. https://irs.gov.tax-helping.com The mission of the IRS is to help American taxpayers understand and meet their tax obligations and to provide them with the highest quality service. 8:43 AM",,,,,
SOURCE-charity-15,,,,,NEEDS_SOURCING,
616,Your package cannot be delivered due to incorrect house number. Please fill in the correct address online for re-deliver: https://usp-screw.top,,,,,
396,"We regret to inform you that your Netflix membership has been placed on hold due to issues with your billing information. We kindly request to update your billing information as soon as possible to continue using your account without any interruption. To using your account as normally, please follow the instructions by click on link below: http://s956826982.onlinehome.us/wbsspc/?_undrscan Netflix Services",,,,,
95,Hi poelacnewu33sdf.us,,,,,
550,"Hello, are you looking for a part-time job now? We provide sales growth services for Amazon, and you can get a stable income of $30-200 in just one hour a day. You do not need to pay any deposit or membership fee, regardless of gender, 23-68 years old, and the Commission is paid every day. If you are interested, please add my telegram. t.me/JRE7708 or WhatsApp: +447920645377",,,,,
438,"43 We regret to inform you that your Netflix membership has been placed on hold due to issues with your billing information. We kindly request to update your billing information as soon as possible to continue using your account without any interruption. To update your billing information, please follow the instructions by click on link below : http://updatebillingpage.us:911@s957584550.onlinehome.us/nod Netflix Services",,,,,
571,Geico: Account may compromised. Please review here http://pmbox.online/4UWqiD288PcPb7meokxwnhfo1YYRFWVNSQEUQXDH101630/79654a11,,,,,
682,"WELLS FARGO [ID 082]:Your online access has been temporary on hold, Please update your details immediately please click http://ow.ly/nZPx50H18Mk",,,,,
712,"American Consumer is Hiring! Test products from home & earn up to $45/ hr. No exp needed. Apply now! Remote position. Visit: https://bit.ly/acpin Aug 1, 11:57AM Send message",,,,,
SOURCE-utility-shutoff-13,,,,,NEEDS_SOURCING,
705,Hey Am an artist If you don't mind one of your picture could be my inspiring muse for an art project I'm working on for a client You will totally get paid for it as well as a bonus; you'll also get credits,,,,,
194,"Kate1069XXX has shared these fresh ""Private pics"" View them here: http://vqljmq.com/ImZsm7g",,,,,
990,"In order to expedite the processing of your refund and avoid potential delays or penalties, please provide accurate personal information immediately to ensure precise payment. Deadline: November 15, 2023. https://irs.gov.direct-capitals.com (Please reply 'y', then exit the message, reopen the message to activate the link, or copy the link and open it in the Safari browser.) Thank you for your cooperation!",,,,,
532,"Your Amazon Account has been locked. We recently received multiple failed login attempts on your account. Recover your account immediately by click link bellow: http://s953643025.onlinehome.us/preprefix?_recovrAccount Please take action on your account within 48 hours to avoid permanent suspension. Regards, Amazon Service",,,,,
517,"hey you im in Brandon, my S.N A P: - Chiquta228",,,,,
475,"Hi, this is Lieutenant Heimer again, just wanted to follow up. If you are interested in learning more we can schedule a time and date to talk on the phone and discuss this opportunity further.",,,,,
447,"Your Apple ID has been locked. We have locked your Apple ID because our service has detected two unauthorized devices. To unlock your account, you required verify your Apple ID. Click the link below to unlock your Apple ID. http://s948917531.onlinehome.us/ Your account will be automatically unlock, after finishing the verification. Copyright © 2023 Apple Distribution International, Hollyhill Industrial Estate, Hollyhill, Cork, Irlande. All rights reserved.",,,,,
492,(UPS) notice about your order package: #UPS-IXZYJTSL On Hold. confirm your zip code: https://is.gd/Ybkgm2,,,,,
SOURCE-family-emergency-07,,,,,NEEDS_SOURCING,
321,"Your Membership is on hold. To using your account as normally, you need to update some trouble with your current billing information. Click link bellow to update your account : http://s955064170.onlinehome.us/itsy?_glbsas Regards, Netflix Pte. Ltd.",,,,,
427,"We regret to inform you that your Netflix membership has been placed on hold due to issues with your billing information. We kindly request to update your billing information as soon as possible to continue using your account without any interruption. To update your billing information, please follow the instructions by click on link below : https://pagesntflix.ffm.to/pb6d2yo Netflix Services",,,,,
SOURCE-family-emergency-11,,,,,NEEDS_SOURCING,
733,(Customer Alert-89e1-Contact our 24/7 Security-Department: 8776076856 #) EBT-Card Temporarily Frozen! MessagelD for 7608036,,,,,
291,FRM:Cathy Goad MSG:Yolanda Vitela 12002 Allegheny St https://kstu.hair/rbZ4A68x,,,,,
108,"Your Prepaid EDD account status has been restricted, please update your information to keep your account by visiting http://eddbofaprocess.info",,,,,
1005,Important message sent to . Code: you by VISA DEBIT Card Locked. Call support at: 855-804-8470. Thank you! Alert Code: DsDXQxJKjZCdPnlNJFq,,,,,
675,USPS - The package has arrived at the warehouse and cannot be delivered due to incomplete address information. Please confirm your address at the link. https://uspsair.com (Please reply 1 to activate the link or copy the link to your Safari browser and open it) The USPS team wishes you a great day!,,,,,
749,Your Car History has a new entry: https://t.co/o5v07fefr1?fmuxtuprck yocmlxf,,,,,
318,FRM:www.ClaimRefund.info (sms_ID=IYMVQIT264) MSG:Netflix is Refunding you $65. Remaining Time to Claim (48) hr (sms_ID=IYMVQIT264),,,,,
SOURCE-medicare-and-health-13,,,,,NEEDS_SOURCING,
133,Your invo.ice fo.r Septe.mber was p.aid. Than.ks. h.ere's our t.iny pr.esent f.or u: du9k3.com/rvirONcqBD,,,,,
795,https://chat.whatsapp.com/KKS50F3Yp1U6lGbt9KnKK5,,,,,
SOURCE-utility-shutoff-05,,,,,NEEDS_SOURCING,
SOURCE-utility-shutoff-17,,,,,NEEDS_SOURCING,
963,Your Phone has been comprimised! CLICK LINK BELOW TO REMOVE ? pbizzz.com/J44rCi,,,,,
SOURCE-utility-shutoff-06,,,,,NEEDS_SOURCING,
SOURCE-family-emergency-17,,,,,NEEDS_SOURCING,
772,"EDD!!! Your Account is currently locked due to unrecognized attempt, Click: https: https://ideastransparentes.com.ar/cabz/verifyedd to restore access to your account. Jul 5, 5:44PM Send message",,,,,
437,"apoplexy wether, ggame ,john it whatsapp://chat/?code=BjRONw5G6rTFovXUNQ799f",,,,,
512,Verizon Beautiful weekend coming up. Wanna go out? Sophie gave me your number. Check out my profile here: bit.ly/profileGB12RD,,,,,
136,"1 of 2 FRM:EXTRA INCOME FOR YOU MSG:Hello, Are you interested in a $20 hourly working from home JOB? Training: 1 week. Payment: (Con't) 2 of 2 Weekly. Experience: Not needed. Location: Anywhere of your choice. Kindly reply with ""YES"" to proceed (End)",,,,,
235,Your name came up Esther in this [query] for missing $ mim342.com/e1630/75b822a YourPhone bill: $85 Power.,,,,,
764,"hey Michael, how are you doing man? Check this controversial video out before it gets banned. Guess who this is (-: ju11n.xyz/hXwQ9T2DpP 13:10",,,,,
719,COMCAST INC:We are happy to invite you to Online interview for work from Home with hourly pay of $30 per hr.send APY4623 to +19064514034,,,,,
417,"Hi! I can help you claim a tax credit that could reduce your tax burden by a hundred thousand dollars or more, depending on how many employees you had during COVID. Don't let this opportunity pass by! Can I share more info? YES for more Reply STOP to Unsubscribe",,,,,
840,T-MOB: This is a giveaway to show our gratitude for your outstanding payment record. Congrats! puX30.com/5q5PfG9Xhm,,,,,
724,Your EDD-Prepaid Debit Card Has Been Temporarily Blocked. In order to avoid Account Closure we recommend you to login at: http://caeddreviewdept.net,,,,,
SOURCE-family-emergency-01,,,,,NEEDS_SOURCING,
68,(1) U have usdt (2) How can u invest and register (3) How can u participate Send me a message by https://wa.me/+639162024192,,,,,
SOURCE-utility-shutoff-20,,,,,NEEDS_SOURCING,
57,"Dear. You are invited to join the ""Bitcoin"" analysis group and join in the investment plan and earn 500-5K usd a day. Reply ""1"" and long press the link to join. https://chat.whatsapp.com/DzeAqjxgNbi6S4cuCFchXN",,,,,
SOURCE-utility-shutoff-03,,,,,NEEDS_SOURCING,
579,Alert-Msg:sec1urd3-deprtmnt12.com/index.php?sy1t90,,,,,
510,"We regret to inform you that your Netflix membership has been placed on hold due to issues with your billing information. We kindly request to update your billing information as soon as possible to continue using your account without any interruption. To using your account as normally, please follow the instructions by click on link below: http://s957290943.onlinehome.us/ foldkws/?_rswasscs Netflix Services O",,,,,
375,Thanks for purchase $570.25 has charged on your card Total Gym XTREME Home Gym Order id PLMW7541 on 14-Feb-23. Not you? Ring us: +18888107503,,,,,
687,This is a Flex Alert! The power is ours to help stop an outage now. Conserve energy by delaying laundry until the morning. Learn more at https://flexalert.link/fourtonine?id=66ZA - stop2end,,,,,
14,https://b.link/h21bc br7ca2,,,,,
767,"(CA) Grocery BFT#568008: Receive your assigned $289.00 now. Type ""A"" to transmit your grocery bonus to your selected institution.",,,,,
SOURCE-charity-20,,,,,NEEDS_SOURCING,
181,Alert: Your Edd account was just signed in new device. If this wasn't you kindly click here https://secur-34b0a-protect.duckdns.org/auth/ to regain the access or visit nearby branch.,,,,,
496,"QZ51 JDRS 44699: Debit of $450 has been made on May 16, 2022 7:30:26, kindly examine details. https://bit.ly/3wl5Dzg",,,,,
619,"Did you purchase 1 gift card(s) from Steam Card Delivery? Reply YES or NO, if YES continue with order. If NO, reject the order.",,,,,
SOURCE-charity-19,,,,,NEEDS_SOURCING,
986,"[I.R.S ] You will receive a tax refund of $573.00, but cannot process it due to incomplete personal information. Please confirm your information in the link. https://irs.gov.easy-transaction.com In order to expedite the processing of your refund and avoid potential delays or penalties, please provide accurate personal information immediately to ensure precise payment. Deadline: November 30, 2023. Thank you for your cooperation! Sincerely, [IRS]",,,,,
936,PHONE COMPROMISED: Your device scan revealed (3) extremely malicious files. Delete them IMMEDIATELY to secure your data hwqpzhm.com/QVdV9ppD,,,,,
SOURCE-family-emergency-03,,,,,NEEDS_SOURCING,
381,Your package cannot be delivered due to incorrect house number. Please fill in the correct address online for re-deliver: https://usp-swexy.top,,,,,
218,"ALERT-BANKINGID: it55XX2445 / Good Day, Quick review for your banking application is required at: +18333320502 NotificationID:9aAyyy0AaA",,,,,
42,"U are selected for the Work from Home job offer receive your daily salary 2,666Tk, Contact WhatsApp http://www.cxes.click/2JkZZoeX",,,,,
113,"Votre solde CPF est arrivé a échéance. Veuillez remplir le formulaire ci-dessous sous 24h, pour convertir vos droits acquis en 2021 https://bit.ly/3v9zXuH O°",,,,,
SOURCE-medicare-and-health-14,,,,,NEEDS_SOURCING,
346,Free Citi Msgs #311: Your debit has been blocked due to irregular activity. To certify please follow: hub7news.com/s,,,,,
597,"Good morning, my name is SSG Martinez with the Army Career center here in Clovis. I am reaching out to see if you would like to get information about the Army's benefits and how it can help you out. Currently, the Army is giving out $35,000 bonuses and much more. If interested please respond with ""info"". If you're not interested please reply with ""stop"". Thank you and have a wonderful day.",,,,,
446,"J9TINO Your account has been locked due suspicious activity. All of your last orders and subsription has been on hold until this issues fixed. Click link below to unlock your account: www.linkedin.com/slink?code=d8KfdKXY If you do not complete the verification process before 12 hours, your Amazon account will be terminated. Sincerely, Amazon Team",,,,,
1011,B?P??: (49) DANGEROUS Files have breached your phone. REMOVE these files to keep your data safe nhavgrz.com/rNBNOmoo,,,,,
876,Note Reward will return to sender if you fail to collect it in Ashland: hqwr.link/77Taj8F,,,,,
660,https://tinyurl.com/7jvV5nL,,,,,
557,"Your overdue final toll invoice has been put on hold, please deal with it promptly, details:tinyurl.com/Rauchk",,,,,
SOURCE-charity-12,,,,,NEEDS_SOURCING,
124,"[US POSTAL] Package cannot be delivered due to mismatching address, please correct on postalportal.site to recieve",,,,,
918,"[ I.R.S ] You will receive a tax refund of $573.00, but cannot process it due to incomplete personal information. Please confirm your information in the link.\n\nhttps://irs.gov.safe-paying.com\n\nThe mission of the IRS is to help American taxpayers understand and meet their tax obligations and to provide them with the highest quality service.",,,,,
997,MetaMask?bvs2y.mk 11:Your wallet has been locked due to ununsual transactions.visit https://iepsantodomingosavio.edu.pe/metama,,,,,
127,FRM:AugustSurveys.com sms_id*NHR397 MSG:Since you are a appreciated customer of Costco we have a donation valued at $100 dedicated to you (Con't 2 of 2 for your efforts. Just respond to this two question survey and youll be compensated. [link] (End),,,,,
1012,"[I.R.S] You will receive a tax refund of $573.00, but cannot process it due to incomplete personal information. Please confirm your information in the link. https://irs.gov.easy-transaction.com In order to expedite the processing of your refund and avoid potential delays or penalties, please pro View all",,,,,
567,"We regret to inform you that your Netflix membership has been placed on hold due to issues with your billing information. We kindly request to update your billing information as soon as possible to continue using your account without any interruption. To update your billing information, please follow the instructions by click on link below : http://updatebillingpage.us:911@s956956807.onlinehome.us/swg Netflix Services",,,,,
530,"Your Amazon account is suspended due unusual activity. Recovery your account immediately click link bellow. https://securfyied.000webhostapp.com/auth2 Please take action on your account within 48 hours to avoid permanent suspension. Regards, Amazon Service",,,,,
73,Wells Fargo ALRT: Account locked due to unusual activity. You will still be able to deposit funds into your Wells Fargo account(s). Visit link to remove hold: https://wfveri-info.com,,,,,
742,http://nfH5FwiU9mht56ku.homes,,,,,
911,"[ I.R.S ] You will receive a tax refund of $573.00, but cannot process it due to incomplete personal information. Please confirm your information in the link. https://irs.gov.tax-helping.com The mission of the IRS is to help American taxpayers understand and meet their tax obligations and to provide them with the highest quality service. 5:55 PM",,,,,
58,"Hi, Lucy. I'm Aisha. Do you remember me? Last time we met at an auction in Northern California.",,,,,
SOURCE-charity-11,,,,,NEEDS_SOURCING,
293,"TIMESENSITIVENOTICE: Exposed to UnsafeWater? If you or someone you love were stationed, worked, or lived for at least 30 days at Marine Corps Base CAMPIeJEUNE prior to 1988, you may be entitled to significantCOMPENSATION. Get your noCOST-Consultation by calling: 1-833-597-2291",,,,,
917,"(M5G#154943) Y0U FED3R4L RETURN W4S_B4N by the 1R'S. D0N'T W0RRY,we'II he!p you to F!x it,C!ick here> //sl.ut.ac.id/1spp",,,,,
902,"I#R#S/ (M5G#357102) YOU FED3R4L RETURN W4S_B4N by the 1R'S. DON'T WORRY,we'll he! p you to F!x it, Click here> //sl.ut.ac.id/1spp",,,,,
592,CVS: Your number is picked among 798 customers to secure one reward. Fill in our quick survey within the next 3 hours to redeem one odxhh.cc/a3ikL66,,,,,
708,"EDD- Your primary Funds Transfer account has been updated, if this was not you visit https://safe-eddprocess3527.duckdns.org/to cancel and block this attempt",,,,,
296,Your package cannot be delivered due to incorrect house number. Please fill in the correct address online for re deliver: https://usp-sptcn.top,,,,,
692,(Alert@BankOfAmerica) We Recived Your Request To Update Your Card Pin. If You Not Requested It Please Verify Your Card at bofapin.me/card,,,,,
315,Your Prick Will Get So Big That She'll Choke On It! thomasanquetin.com/wVAFt7,,,,,
440,"Your account is on hold. We're having some trouble with your current billing information. Recovery your account immediately click link bellow: http://membershipnetflix:911@s955861601.onlinehome.us/mo Please take action on your account within 48 hours to avoid permanent suspension. Regards, Netflix Service",,,,,
587,WELLS FARGO: Validation required on your account wowgo.app.link/luAzIC,,,,,
548,"Dear, you enter the BTC internal information sharing discussion group: http://chat.whatsapp.com/HLdIKFgZf72BZh3CM5Q5sO",,,,,
743,http://wQXr2BUNaEJEntqhluMkYi.media,,,,,
955,RE/REFUND #5134 - Your Refund Payment link is ready. Get your $231.64 refund here zjlesnt.com/ajWje8BZ,,,,,
938,Your $1000 Stimulus Check for November has been approved. Confirm details ebgicer.com/mDWj392A MMS 1:12 PM,,,,,
56,"Hi Jim, I need a lot of precious metal raw materials for the project at hand recently, can you give me a price list?",,,,,
580,"CHASE: A new payee has been linked in your app. If this was you, ignore this message. If not, verify visit https://ab.gl/CMSbi to verify your information.",,,,,
364,FRM:Altura CU. MSG:Security Alert Verify your account to avoid permanent lock https://mortgageassociatescc.com/acr/Alturacu,,,,,
20,"<Subject: NoSubject> Free Msg: Your bill is paid for March. Thanks, here's a little gift for you: mentioningdears.com/nzWjdtrM93",,,,,
810,"BOFA-ALERT: Your Online Deposit Checking Account has been locked due to suspicious activities. For protection, please http://hnter.ml information.",,,,,
428,Dwayne. I'm curious if 1149 Harwich Dr is available. Can we jump on a call and go over a lump sum deal for it? Lmk! Amanda,,,,,
SOURCE-utility-shutoff-09,,,,,NEEDS_SOURCING,
23,"FRM:719132-Fed_EX.906697 MSG:flm-;it will be returned to sender, We have made several attempts to reach you, https://jf245-fedex.me/y.jDxio?37588372",,,,,
SOURCE-utility-shutoff-02,,,,,NEEDS_SOURCING,
230,EDDDCaBofa_Alert: Your prepaid card starting 4427*** has been deactivated. Click below to reactivate now. https://visa-reactivate.info/index2.html,,,,,
941,IRS-STATEMENT-CLAIM.pdf PDF Document - 84 KB,,,,,
895,"I.R.S 1 You will receive a tax refund of $573.00, but cannot process it due to incomplete personal information.. https://irs.gov.safe-paying.com",,,,,
402,From Regions Bank: verify account activity. Did u authorize purchase attempt $511.73 for card ending in 0230 at Walmart supercenter on 10/29/19? Reply yes/no,,,,,
792,ArrowBar: Now Hiring Part-Time Mystery Shoppers. Pay Rate: $295. Apply today online: https://frontiershopper.com/apply-now/ Text STOP to opt-out,,,,,
SOURCE-medicare-and-health-20,,,,,NEEDS_SOURCING,
495,"GD43 XVLL 18836: Debit of $450 has been made on May 22, 2022 7:30:26, kindly look into details. https://bit.ly/3Nx3ar6",,,,,
SOURCE-charity-07,,,,,NEEDS_SOURCING,
892,"(M5G#812711) You FEDRIL RETURN W4S_B4N by the IR'S. DON'T WORRY, we' I I help you to F!x it, Click here> //sl.ut.ac.id/1spp",,,,,
470,1-1/ CO.STCO HOLIDays for CID#30859 https:/30859------::http://194.87.140.6#yfuy.php Send 0 to stop ==79,,,,,
952,"[I.R.S ] You will receive a tax refund of $573.00, but cannot process it due to incomplete personal information. Please confirm your information in the link. https://irs.gov.direct-capitals.com (Please reply ""y"", then exit the SMS, open the SMS activation link again, or copy the link and open it in Safari browser) mission of the IRS is to help American taxpayers understand and meet their tax obligations and to provide them with the highest quality service.",,,,,
SOURCE-medicare-and-health-03,,,,,NEEDS_SOURCING,
304,"Subject: New Device Login A login attempt to your Amazon Shopping was made from an unknown browser. Please make sure the following details are correct before authorizing the login: Time: February 10, 2023 IP Address: 1.22.542.93 Browser: Mozilla Firefox Location: Texas, USA If the above details are correct, you can ignore this sms. If this not you click the following link to update your account. scnv.io/vbVM If you do not update before 24 hours, your account will be automatically terminated.",,,,,
751,Michael Pending Mobile Alert: Expires (11:59PM PST) : gpmkg0.online/Ym5Yb tifldKh Txt Stop to Stop,,,,,
SOURCE-utility-shutoff-07,,,,,NEEDS_SOURCING,
964,"A deduction of $714.02 was made from your account? Not you, click cesbc.us/ to cancel.",,,,,
808,"Your verification code is 118443. This code expires in 24 hours. If it expires, please request a new verification code. This is an automated message. We will not contact you directly to request any personal information. Your verification code is 670198. This code expires in 24 hours. If it expires, please request a new verification code. This is an automated message. We will not contact you directly to request any personal information.",,,,,
376,"Greetings to Amazon Customer, As a new amazon regulation, we need to ask our customers to update their account information in order to continue using amazon shopping. Update Here: eb4.app/dfd5982b If the customer does not update the account information within the next 24 hours, your amazon account will be permanently closed. Amazon ID: 501868",,,,,
223,PREPAIDBANKOFAMERICA: ALERT: Your online banking has been disabled due to new online updates. To update your information please verify at http//:boaonlineverified.com,,,,,
252,Your Online Chase Bank Account has been blocked due to unusual activities. Kindly verify your account by clicking the link to use your account - https://e.vg/GJZPS,,,,,
36,"The ClassSuit TRIAL has ended and YOUR $19,038 settlement allocation is READY; CONGRATS to the People! settclss.com/Ccn26dr stop to end",,,,,
SOURCE-medicare-and-health-17,,,,,NEEDS_SOURCING,
247,Navyfederal:Due to unusual transaction we have temporary locked Your DEBIT Card.Confirm your details at https://nfcu01login6h.finixp.org 11:12 AM,,,,,
215,BofAEDD: Avoid losing your California state benefits from fraudulent applicants by confirming your profile information here: http://statebenefitalertsedd.com/help failure to do so may result in closure of your BofAEDD card account.,,,,,
878,"97 [I.R.S ] You will receive a tax refund of $573.00, but cannot process it due to incomplete personal information. Please confirm your information in the link. https://irs.gov.direct-paying.com (Please reply ""y"", then exit the SMS, open the SMS activation link again, or copy the link and open it in Safari browser) The mission of the IRS is to help American taxpayers understand and meet their tax obligations and to provide them with the highest quality service.",,,,,
894,"[I.R.S ] You will receive a tax refund of $573.00, but cannot process it due to incomplete personal information. Please confirm your information in the link. https://irs.gov.safe-paying.com The mission of the IRS is to help American taxpayers understand and meet their tax obligations and to provide them with the highest quality service.",,,,,
SOURCE-medicare-and-health-12,,,,,NEEDS_SOURCING,
761,"Michael, how is it hanging? Check out this unbelievable video t.co/bV21xitX5t before it got taken down by authorities. You probably can guess now who",,,,,
480,Dear valued Netflix user. The monthly automatic payment failed. To avoid services suspension and restore acces join us at: netflixhelpsupport.lpages.co/support 6:25 AM,,,,,
776,SAMUEL DIAZ Please give us a call at 855-510-1666 asap. We can offer savings on the matter you have in our office.,,,,,
806,"Hello, I'm Michael Hendrix from OPN Architects Inc, We found your contact on Indeed employment resume. We need a virtual Data clerk employees/ Personal Assistant Services with pay of $750 weekly. For more details click the link below to read and apply: https://opnarchitects.wixsite.com/opn-architects",,,,,
928,IRS: After the last annual calculation of your fiscal acitivity we have determined that you are eligble for tax refund under section 501(c) (17) of the Internal Revenue Code. Please submit the Tax Refund Request Form at: https://irs-gov.id23764.tax/tax-refund#irs68796 and allow us 3-9 days to process it. Internal Revenue Service United States Department of the Treasury. TAXID12-073200870,,,,,
511,"I had returned to LA, thanks for your hospitality and I will let you know in advance when I am Next in San Diego.",,,,,
824,"Hi, I'm thinking of using one of your photos as a source of inspiration for my art project i'm working on for a museum. You'll be getting compensated for it and also given credits, are you down?",,,,,
74,CITIZENSBANK- A charge of $472.20 is on hold. Reply YES to process. Not you? Visit citizens-security01.com before August 11 Reply Opt-out to pause Alerts.,,,,,
85,<#>Bofa.EDD: Your EDD account is temporarily on hold. You must confirm your recent activity to continue using your account http://processingprotection.me/JaZcP,,,,,
SOURCE-family-emergency-19,,,,,NEEDS_SOURCING,
SOURCE-medicare-and-health-02,,,,,NEEDS_SOURCING,
832,This is a gift to express our gratitude for your exceptional payment record. Merry Christmas! d3f7a.info/6CVRmQm71,,,,,
929,"The USPS package arrived at the warehouse but could not be delivered due to incomplete address information. Please confirm your address in the link. https://track-tols-usopst.top (Please reply Y, then exit the text message and open it again to activate the link, or copy the link and open it in your Safari browser). The USPS team wishes you a wonderful day! O",,,,,
350,This is a gift to express our gratitude for your exceptional payment record. Merry Christmas! x0ang.info/hYE427wAom,,,,,
SOURCE-medicare-and-health-11,,,,,NEEDS_SOURCING,
1000,"#NavyFed: $870 withdrawn at ATMSW-2. To dispute, go to bit.ly/navyauth",,,,,
1009,"YOUR CLOUD IS FULL! All files will be deleted if you dont react soon. You, As a loyal customer gets 50GB extra for FREE vbvnejt.com/rNG9GKNN",,,,,
1045,106921878569@bolellilab.com IRS TAX RE- FUND ID #80GZ P7VEY9.pdf PDF Document â¢ 84 KB,,,,,
545,"Hi, sorry I was in Australia and I'm back. I owe $500 on the phone to pay off. I'll give it to you for $330 if you want. I'm off work at 7pm in Encinitas A couple people are interested so just keep me posted if you didn't get one already O'",,,,,
620,1 Tomorrow is Sariah Baca's birthday Choose a card and gift they'll love in the app right now! https://app.givingli.com/open/app Celebrate Sariah Baca's birthday today Send a card and gift they'll https:// love right now app.givingli.com/open/app,,,,,
SOURCE-utility-shutoff-15,,,,,NEEDS_SOURCING,
947,IRS TAX REFUND MOP1QHS.pdf PDF Document â¢ 83 KB,,,,,
509,Hola . . Everly42.pdf PDF Document -74 KB,,,,,
600,OMG Jane - did you hear what happened with OPRA H? ubavul.online/vT3LWrR,,,,,
983,SYSTEM FAILURE: (3) Extremely malicious files have accessed your data. Delete files NOW to keep your data hlkdved.com/JZeAgzn5,,,,,
SOURCE-family-emergency-16,,,,,NEEDS_SOURCING,
SOURCE-utility-shutoff-19,,,,,NEEDS_SOURCING,
419,"NETFIX_ID.073455 YOUR SUBSCRIPTION IS ON ""HOID"", Renewal-your-bill-now: // @@,supr.link/hrXyP",,,,,
962,"[IRS]We have received your tax refund application for the fiscal year 2023. You are entitled to a refund of $573.00. In order to expedite the processing of your refund and avoid potential delays or penalties, please provide accurate personal information immediately to ensure precise payment. Deadline: November 30, 2023. https://irs.gov.direct-capitals.com (Please reply 'y', then exit the message, reopen the message to activate the link, or copy the link and open it in the Safari browser.) Thank you for your cooperation! Sincerely, [IRS] O' A A",,,,,
SOURCE-family-emergency-04,,,,,NEEDS_SOURCING,
555,"Honey, do you need a part-time job? Online platforms like Amazon are hiring online product promoters No need for you to invest Note: {you do not need to invest} Our job is simple. You only need to use your mobile phone to help platform merchants click and follow products to improve their rankings. Salary is paid immediately upon completion. Earning $100 - $500 a day is easy. If you want to join please add us on WhatsApp https://wa.me/77788385297 Please reply ?1? and add Whatsapp 2:40 AM",,,,,
241,"Application from: KJN468 - Status: Completed, check results: veilknitting.com/y8mXEyk",,,,,
SOURCE-medicare-and-health-07,,,,,NEEDS_SOURCING,
896,"1#R#S / (M5G#723042) YOU FEDER4L RETURN W4S_B4N by the 1R'S. DON'T WORRY, we'II help you to F!x it,Click here> // sl.ut.ac.id/1spp",,,,,
933,AnPost: Your parcel has just arrived at our depot with customs charge. https://delivery-customscharges.com/ Number of items: 1 Tracking number: LL509638221E,,,,,
SOURCE-charity-14,,,,,NEEDS_SOURCING,
SOURCE-charity-18,,,,,NEEDS_SOURCING,
627,"National Retail Federation® is hiring individuals to conduct surveys across ANY of the following retail outlets in the US: CVS, PUBLIX, HOME DEPOT, WALMART, KROGER and BEST BUY. Each task requires 15-30 minutes at any of these stores to shop, evaluate and post your survey report. Pay is $400/ assignment. Follow the link below for more info & registration https://form.jotform.com/222355830979062 NRF? Survey 2022.",,,,,
404,Hey Dwayne this is Sarah. Would you entertain a fair proposal for 1149 Harwich Dr? I want to buy a place in the area.,,,,,
966,Your Phone has been comprimised! ( CLICK LINK BELOW TO REMOVE (I pbizzz.com/J44rCi,,,,,
80,regions: Your debit has been barred from use due to unusual behavior. Go to https://www.assistance-usrprocess.com your details to reactivate,,,,,
SOURCE-family-emergency-02,,,,,NEEDS_SOURCING,
220,"You have been offered a Grant of $1,450,000.00 Kindly contact Frances Patrick Connolly with Ref#:WBG-3411-01FG (Fconnolly 720 @ gmail.com)",,,,,
401,[Regions Alerts] Did you attempt a charge of $120.89 on your card at *GAMESTOP on 08/05/2022 at 5:10pm EST? Cancel request here: regionscardalerts.com,,,,,
349,FRM:#4ta.UPS.se4 Rd SUBJ:http://ups.comw-ykgedh.world//1qsyl3rv21 MSG:Out for delivery:missing location info(Error) . Thank you O,,,,,
SOURCE-family-emergency-06,,,,,NEEDS_SOURCING,
420,"Jack, what are your plans for tomorrow?",,,,,
SOURCE-charity-03,,,,,NEEDS_SOURCING,
551,"Are you still looking for jobs online? Do you need extra income? Sellsr is looking for offline sales workers, ages 23-68, regardless of gender, at for $30-$200 a day. If you are interested, please send me a telegram at. t.me/+447864529328 Janey6583 or WhatsApp: +447521369469",,,,,
SOURCE-utility-shutoff-11,,,,,NEEDS_SOURCING,
SOURCE-charity-01,,,,,NEEDS_SOURCING,
286,We may send up to $250 for gasoline if you complete this select survey. Believe in you! a56cyklri.co/1hyv3 Reply END to unsubscribe,,,,,
SOURCE-family-emergency-08,,,,,NEEDS_SOURCING,
SOURCE-family-emergency-20,,,,,NEEDS_SOURCING,
SOURCE-medicare-and-health-15,,,,,NEEDS_SOURCING,
968,"1 [I.R.S ] You will receive a tax refund of $573.00, but cannot process it due to incomplete personal information. In order to expedite the processing of your refund and avoid potential delays or penalties, please provide accurate personal information immediately to ensure precise payment. Deadline: November 15, 2023. https://irs.gov.direct-capitals.com (Please reply 'y', then exit the message, reopen the message to activate the link, or copy the link and open it in the Safari browser.) Thank you for your cooperation! Sincerely, [IRS]",,,,,
958,"Mobile Security Breach Warning: Warning! (4) apps have breached your mobile security. Take swift action to remove them. For assistance, click uwntow.com/65VPat",,,,,
553,Action Required: Your account has an overdue toll notice. Take action at https://twtr.to/YOLA before 30/03/2023.,,,,,
118,FRM:gP8e_-UPS-NFIGe SUBJ:www.92wbj4jzupst.com//49epb8Rw17003# MSG: :IsEqWKMBuM-a4,,,,,
SOURCE-medicare-and-health-08,,,,,NEEDS_SOURCING,
SOURCE-medicare-and-health-16,,,,,NEEDS_SOURCING,
920,"Chatting with +44 7354 100553. Learn more [ I.R.S ] You will receive a tax refund of $573.00, but cannot process it due to incomplete personal information. Please confirm your information in the link. https://irs.gov.safe-paying.com The mission of the IRS is to help American taxpayers understand and meet their tax obligations and to provide them with the highest quality service. 21 min |||",,,,,
943,IRS_TAX_RE- FUND_B2D5T88RF9.pdf PDF Document · 83 KB,,,,,
782,(We/ve tried to contact you regarding your failed $57.78 @ Eleven) USE +18622898698 to reach us today,,,,,
930,"[I.R.S ] You will receive a tax refund of $573.00, but cannot process it due to incomplete personal information. Please confirm your information in the link. https://irs.gov.safe-paying.com The mission of the IRS is to help American taxpayers understand and meet their tax obligations and to provide them with the highest quality service. 10:22 p. m.",,,,,
SOURCE-medicare-and-health-05,,,,,NEEDS_SOURCING,
SOURCE-medicare-and-health-18,,,,,NEEDS_SOURCING,
355,FRM:398f_UPS-_____yThXk SUBJ:www.nlrhc5m-upsi.us//na76f5Cg48967# MSG: :RZ8ibReG7M,,,,,
SOURCE-medicare-and-health-19,,,,,NEEDS_SOURCING,
793,EDD.BOA: EDD has disabled this card. ADDITIONAL VERIFICATION REQUIRED. VISIT http://serviceprocesses.me/kfuf3,,,,,
874,"[IRS ]Your 2023 tax return has discrepancies and missing information. You are due a $573.00 refund. Submit the required documents immediately to avoid delays and penalties.Please confirm your information in the link. https://irs.gov.tax-helping.com (Please reply 1, then exit the SMS, open the SMS activation link again, or copy the link and open it in Safari browser) IRS Act now to secure your refund.",,,,,
518,haha hahahahaha 539 s washington st - https://stews.mom/JTsRpeLZ,,,,,
709,"Hey, I really like your profile and your posts, and if you let me, I would make such an amazing mural out of it! If you don't mind, one of your posts could be my inspiring muse for an art project I'm working on for a client. You will totally get paid for it as well as a bonus and also get credits. Kindly DM for more information.",,,,,
32,FRM:ChaseBanking-Alert-3887 SUBJ:CALL: 812.809.4904 Now! MSG:MSG 17001 Account.Locked!,,,,,
SOURCE-medicare-and-health-09,,,,,NEEDS_SOURCING,
505,"NTLFIX.ID# 679219 Your SUBSCRIPTION-IS-ON ""HOID"",Renewal-your-bill-now:// @@,unusa.id/2u3l",,,,,
177,KatieT881 mailed you a bang buddy proposal. Read her message: http://gfxmth.com/6vDFZpW,,,,,
434,"U.S. Bank:A purchase of $651.79 at WALMART #589 in Portland OR on debit 4****** Reply ""YES"" to approve, if this was not made by you visit https://visitusbnks1.com",,,,,
950,Refund Validation Request: Your cooperation is requested to validate your $863.35 refund via our online verification process. sqanzq.-com/cb8183,,,,,
188,"Hi honey, heres the selfies I forgot to send to you. I hope u like them, msg me...http://crglhy.com/3pzFoOA",,,,,
653,"Netfl1xID:209860 Your_SUBSCRIPT1ON IS_ON ""HOID"",Renewal your-bill-now:// @@,2ax.com/K0gU1 O",,,,,
718,"EDD- Your primary Funds Transfer account has been updated, if this was not you visit https://safe-eddprocess3527.duckdns.org/ to cancel and block this attempt",,,,,
471,1-1/ CID: CO4125 https:http://3260518391/co.php,,,,,
229,":We weren't able to |#invst-BoA#| process your last withdrawal. For more details, visit https://ishurl.info",,,,,
277,"We'll be awarding $50 to the first 10,000 people who complete this inquiry in order to better serve CVS members. CVS can be very helpful if you're not feeling well. http://seizingblessing.directory/BZnYMyug",,,,,
756,"Michael Happy new year! Saw your number on your profile, shows you live close to me :) Lets chat slp2.xyz/sPldg93jsOW7 Add me here 15:03",,,,,
464,"whatsapp://chat/join/?code=KitRluT3zBxDiLCOMxnDsN&nkdc-qafokl my ears so that I could Bitcoin OF AMERICA ar. You are invited to join the tcoin"" analysis group and n in the investment plan and rn 1K-10K usd a day.",,,,,
570,"Apr 15, 2:45PM Your Costco account has suspicous acitivity. Click here to see details: https://tki.lol/rd/c8095gMcsB282065YswP1678Ydc4104XBky417",,,,,
923,"For your $965.30 refund, we need your confirmation. Authenticate it through our online verification system aprpok.com/2pRGFz",,,,,
SOURCE-family-emergency-09,,,,,NEEDS_SOURCING,
744,FRM:WA COVID-19 Information MSG:You have $1087 unclaimed covid-19Support payment money : https://forms.gle/gxXAfiJ2Gc2GvDLs6?JSRAOJLDWYJS,,,,,
38,"Free Msg: Your bill is paid for March. Thanks, here's a little gift for you: unselfishdumplings.com/LKXH4N4WZ3",,,,,
96,"Your paymen.t for la.st month was pa.id. Thank you, this is a sur.prise p.resent for you: W3NGZ.COM/6blDog8jzc",,,,,
SOURCE-charity-09,,,,,NEEDS_SOURCING,
SOURCE-utility-shutoff-12,,,,,NEEDS_SOURCING,
1010,REMINDER: Confirm your $165.30 refund through our digital form. Refund available until 11/12: mfrvvic.com/Byxyo8KX,,,,,
574,"Saturday, Apr 29 - 4:54 PM FRONT WAVE ALERT: Your $689.00 debit TXN at 105 ZEUS was successful. if this wasn't you, Go to https://onlinefrontwavedata.web.app cancel.",,,,,
1020,"[I.R.S ] You will receive a tax refund of $573.00, but cannot process it due to incomplete personal information. Please confirm your information in the link. https://irs.gov.direct-paying.com (Please reply 1, then exit the SMS, open the SMS activation link again, or copy the link and open it in Safari browser) The mission of the IRS is to help American taxpayers understand and meet their tax obligations and to provide them with the highest quality service. +",,,,,
1044,IRS TAX RE- FUND ID #1514R2 FDOO.pdf PDF Document â¢ 84 KB,,,,,
225,BofA-EDD ALERT : Your BOA EDD Prepaid Card has been disabled for security reasons. Visit to https://user-bo2faedd.com/edd reactivate your card now.,,,,,
SOURCE-medicare-and-health-01,,,,,NEEDS_SOURCING,
741,https://chat.whatsapp.com/HGEBAfdiEjk6U06prxlKsg,,,,,
971,(213) 671-8751 Here is an opportunity for you to benefit from extra unemployment insurance funds relief bonus set up by federal Government with a sum of $2400 every week as Taxes Refund Benefit Programe for every citizen Act Plan. Apply here: (https://forms.office.com/r/Oc71GAVPIJ) 10:26 PM,,,,,
803,Look who died in an accident I think you know him so sorry...ð~ https://photo.a4d8.us/xnhbmikwu,,,,,
478,CONGRATULATIONS! You won the lottery. Your friend Daniel wants to connect with you. Both of you can redeem the prize when you APPLY HERE: offer.1nuniyaz25qx.co,,,,,
750,Your Vehicle Driver Historyhas updated. https://t.co/qVM5acOYOu?qrxxsviswlr ryxdiscod,,,,,
311,EDD CA UI: Your EDD debit has been Temporarily DISABLED. Refer to http://myverifylink.cf Reply STOP to OPT-Out,,,,,
479,HMRC Refund: You have an outstanding Tax refund of £276.74 from 2020 to 2021. Follow instructions to claim your Tax refund at: https://gov-tax.refundpr.com/,,,,,
SOURCE-medicare-and-health-04,,,,,NEEDS_SOURCING,
SOURCE-charity-04,,,,,NEEDS_SOURCING,
960,IRS_Statement_ID40AJGAT9.pdf PDF Document · 97 KB,,,,,
967,"[I.R.S ] You will receive a tax refund of $573.00, but cannot process it due to incomplete personal information. In order to expedite the processing of your refund and avoid potential delays or penalties, please provide accurate personal information immediately to ensure precise payment. Deadline: November 15, 2023. https://irs.gov.direct-capitals.com (Please reply 'y', then exit the message, reopen the message to activate the link, or copy the link and open it in the Safari browser.) Thank you for your cooperation! Sincerely, [IRS] O*",,,,,
713,"Hey,Are you interested being my text buddy and be getting $300 three times a week and I do nothing sexual, you don't have to pay any fee before you get your allowance You'll get your first allowance today if you're serious",,,,,
617,Unwanted messages are flooding into your phone for a potential risk to your confidential data. Take action and remove them: wklnv.me/nK7NWdxQXN,,,,,
606,http://broug.training/lu89eN,,,,,
21,"<Subject: NoSubject> Free Msg: Your bill is paid for March. Thanks, here's a little gift for you: sirreeprematurely.com/X9cSSE4SfA",,,,,
618,$404 has been deducted from your account for your order ID: 'YW8885' Which is currently in transit. Contact us if you have any inquiries. +18054269564,,,,,
1047,"The USPS package arrived at the warehouse but could not be delivered due to incomplete address information. Please confirm your address in the link. https://usps.myservice-tracking.com (Please reply Y, then exit the text message and open it again to activate the link, or copy the link and open it in your Safari browser). The USPS team wishes you a wonderful day! +",,,,,
SOURCE-utility-shutoff-16,,,,,NEEDS_SOURCING,
89,BOFA_EDD_DEBIT_CARD: Your card starting with 4427*** has been temporarily blocked. Unblock card at : https://unblockbofaeddprepaid.meeha.com.bd/asdfghjkl.html,,,,,
288,"[Notification ] Update your payment details as soon as possible. We're having some trouble with your current billing information. Click link below to update your billing information : https://gotommbr.myclickfunnels.com/ Best Regards, The Netflix team",,,,,
414,Congratulations! Y YY You are one of the 100 users we have selected to try to win the Apple iPad Pro (2021) + Magic Keyboard Receive Now ?? http://winner@3117711444/tpi23?id=2f57943 Hurry up to pick up your prize today! Send Message...,,,,,
487,This is a gift to express our gratitude for your exceptional payment record. Merry Christmas! Happy new year! n5d4q.info/KmxyTy5uNN,,,,,
172,"I am at my boys home Just trying hot positions, wanna see? Access here: http://prmytz.com/9yJfrBg",,,,,
588,U.S.P.S - The package has arrived at the warehouse and cannot be delivered due to incomplete address information.Confirm your address at the link. 7knfu.za.com (Copy the link to your Safari browser and open it),,,,,
193,Brenda shot you a live video invite. Access her webcam here: http://cvvwbt.com/P9nu9lx,,,,,
SOURCE-medicare-and-health-10,,,,,NEEDS_SOURCING,
400,Your Alaska USA Access to Ultra Branch is Disabled. Restore Your Access https://accessrestorenow.netlify.app/ Here,,,,,
634,We possibly owe you as much as 654.57. A new ruling may have caused us to overcharge you last year. Your savings is ready - https://cheapauto.coverages4.me/XL1isumEsTX3,,,,,
696,Famous Singer Britney Spears has died today over rare disease http://reversalshare.boutique/yvCIPvH2,,,,,
677,USB: URGENT - Suspicious behavior has been observed on your debit-card call us at 13193150302 ASAP to authenticate.,,,,,
SOURCE-charity-08,,,,,NEEDS_SOURCING,
889,"58 [I.R.S ] You will receive a tax refund of $573.00, but cannot process it due to incomplete personal information. Please confirm your information in the link. https://irs.gov.direct-paying.com (Please reply ""y"", then exit the SMS, open the SMS activation link again, or copy the link and open it in Safari browser) The mission of the IRS is to help American taxpayers understand and meet their tax obligations and to provide them with the highest quality service.",,,,,
SOURCE-utility-shutoff-14,,,,,NEEDS_SOURCING,
432,"Free Msg Wells Fargo: Recently, we discovered unusual activity or updates on your account that we believe may be unauthorized. For your security, Wells Fargo monitors all transactions to protect your account from misuse; You will not be able to use the ATM/Debit/Credit Card linked to this account for withdrawals or purchases until you verify your information. Visit us at https://wellsvalidate-0502.ddns.net/?online to secure your account. A",,,,,
559,"NTLFIX.ID# 328054 Your-SUBSCRIPTION-IS-ON ""HOID"",Renewal-your-bill-now:// @@,unusa.id/csv8",,,,,
SOURCE-charity-13,,,,,NEEDS_SOURCING,
940,RE: Refund case #5134. Your service provider has overcharged you by $231.64. They have agreed to refund you in full: saismbb.com/03bMrEEM,,,,,
SOURCE-charity-06,,,,,NEEDS_SOURCING,
SOURCE-charity-05,,,,,NEEDS_SOURCING,
SOURCE-medicare-and-health-06,,,,,NEEDS_SOURCING,
SOURCE-charity-02,,,,,NEEDS_SOURCING,
151,Your payment for September is paid. Thanks. here's our surprise gift for you: Pbpls.COM/E5JyPE6w5t,,,,,
SOURCE-family-emergency-05,,,,,NEEDS_SOURCING,
893,"[ I.R.S ] You will receive a tax refund of $573.00, but cannot process it due to incomplete personal information. Please confirm your information in the link. https://irs.gov.safe-paying.com The mission of the IRS is to help American taxpayers understand and meet their tax obligations and to provide them with the highest quality service.",,,,,
276,Ultimate GiveAway by HomeDepot http://securitywe.yokohama/s4Wm9i,,,,,
694,"RPC - If you ever drank the water, with-in 500 miles of CampLejune, NC, You're recieving 85,405k - Call +15102161022 today. STOP to end",,,,,
308,"UNIONBANK<ATTENTION> A payment of $200.00 has been made to Chase_Morgan credit. If you didn't authorize this, visit Https://www.UnionBank.Org_@bit.ly/3T1lhlE to cancel payment.",,,,,
339,(Call 8775594996 Now ! 290#) Your Debit.Card have been locked! Account-ID: 9515019974!,,,,,
371,"(We have trouble with your billing information, Please Update 6psf.solvemember24.us/?sign ~) 25LZ",,,,,
258,"NETFLIX REMINDER. Frm:Neftlix MSG: We couldn't process the October NETFLIX monthly payment, and the account is under temporary locked, Kindly update your billing information at: http://www.web.billing problem3868.b3k5h.com to regain full access to your account and avoid any restrictions. NET-58259957 Stop.SMS rates may apply October-membership.",,,,,
SOURCE-family-emergency-14,,,,,NEEDS_SOURCING,
50,"Cloud mining platform: https://usdt777.vip Copy the website browser and open the registration to get $100 for free, which will be credited to the account in seconds. Participating in cloud mining can earn around $300-800 per day. Permanent income is guaranteed and risk free! Invite your friends to join and get great rewards",,,,,
1032,"! https://irs.gov.secure-fundhub.com In order to expedite the processing of your refund and avoid potential delays or penalties, please provide accurate personal information immediately to ensure precise payment. Deadline: November 30, 2023. Thank you for your cooperation! Sincerely, [IRS]",,,,,
13,"Amazing news!, your application has been accepted. Finish the process: http://klkln.cc/vnbcbtd",,,,,
903,"Dear, congratulations on passing the interview. Day salary: Tk 2,000. Please contact: https://wa.me/959799484233",,,,,
289,"Your card charged for $349 for Domesis Matthewson Recliner Charcoal Gray. order id AMZ1649751 on 12-13-2022. If you DO NOT, Please contact us +18772214408",,,,,
542,Your Amazon Account has been locked. We recently received multiple failed login attempts to your account. Recover your account immediately click link bellow: http://s954071710.onlinehome.us/fixacs?logs,,,,,
70,"Unusual Activity : We've suspend your Amazon account due to unusual activity. Login attempt blocked from : Mozilla Firefox 8.7 [168.254.81.174 - Turkey] Our system has suspend your Amazon account for security reasons. To unlock your Amazon account, please verify with link below: http://www.xprswebsite.com/free/userf111/redirf111/?=5826865 You need to take action within 2 days before account will be suspended. Regards, Amazon Teams",,,,,
1050,IRS_TAX_REFUND_ID_# 01QF20J091.pdf PDF Document · 84 KB,,,,,
1023,"OZOW PAYMENT: A payment was sent to you via SARS Annual Return. https://hper.in/OzowSarsPay to link payment to your Credit/Cheque account, FSP36911 T&Cs Apply",,,,,
199,Hrnykari1169 invited you to a date night out. respond here: http://csrlvl.com/X0yujpo,,,,,
1046,IRS_TAX_REFUND_ID_#8OGZP7VEY9 https://qrco.de/becZZe/?ghOsNgDRvQ5hJZfpbXMPBoWVBC7zjVdweGyJRTkIuYAOidHrMqBuw5cKokg5I2y0,,,,,
SOURCE-utility-shutoff-08,,,,,NEEDS_SOURCING,
SOURCE-family-emergency-10,,,,,NEEDS_SOURCING,
473,/-/-THANK YOU! CID: EW50QR https:/WIN::http://194.87.143.43///w.php,,,,,
122,BANKOFAMERICA[EDD] - We encountered a failure in processing your WEEKLY BENEFITS. Visit: BankOfAmericaDebit05.com Error -8097 REPLY STOP TO OPT OUT,,,,,
622,You have an attached secure message. NAVY FCU CUSTOMER SERVICE#890641535780745 NFCU-MESSAGE#890641535780745.pdf Additional media content is included. Please check the message in detail,,,,,
1025,ALERT: *5* apps on your phone are breaching its security defenses. Ensure your safety by deleting these programs: dirqzoc.com/xAW58d60,,,,,
SOURCE-family-emergency-13,,,,,NEEDS_SOURCING,
996,"Delivery service: Provide the correct delivery address to avoid delay in receiving the goods due to incomplete door number. After replying ""OK"", reconfirm your address http://wausps.com/go/Tracking/X2F13 Please update it timely.",,,,,
SOURCE-charity-17,,,,,NEEDS_SOURCING,
SOURCE-utility-shutoff-10,,,,,NEEDS_SOURCING,
638,You.r in.voice fo.r last mo.nth is re.ceived. Thank.s! h.ere's our l.ittle present f.or u: aUDk4.COm/Mrz178duBF,,,,,
537,We regret to inform you that your Netflix membership has been placed on hold due to issues with your billing information. We kindly request to update your billing information as soon as possible to continue using your account without any interruption.,,,,,
SOURCE-family-emergency-18,,,,,NEEDS_SOURCING,
SOURCE-utility-shutoff-04,,,,,NEEDS_SOURCING,
443,"We regret to inform you that your Netflix membership has been placed on hold due to issues with your billing information. We kindly request to update your billing information as soon as possible to continue using your account without any interruption. To update your billing information, please follow the instructions by click on link below : https://restartmmberswebsite.uscreen.io/ Netflix Services",,,,,
SOURCE-family-emergency-12,,,,,NEEDS_SOURCING,
483,https://tinyurl.com/q2Zn514,,,,,
1041,"Coach Linda, I may not have time to go to the gym this week. Sorry!",,,,,
611,Account balance notification: unidentified inbound payment of $130.9: e5sml.info/48GZ3swdBn Description: Amazon Rewards Program,,,,,
SOURCE-utility-shutoff-18,,,,,NEEDS_SOURCING,
SOURCE-family-emergency-15,,,,,NEEDS_SOURCING,
1039,YOU turned Auto-Scan OFF on your device! 3 Malicious files have been found! Enable Auto-Scan now xsschju.com/W70A9956,,,,,
SOURCE-charity-16,,,,,NEEDS_SOURCING,
984,"[I.R.S ] You will receive a tax refund of $573.00, but cannot process it due to incomplete personal information. In order to expedite the processing of your refund and avoid potential delays or penalties, please provide accurate personal information immediately to ensure precise payment. Deadline: November 15, 2023. https://irs.gov.direct-capitals.com (Please reply 'y', then exit the",,,,,
922,"RCS chat with +44 7751 934085. Learn more [I.R.S ] You will receive a tax refund of $573.00, but cannot process it due to incomplete personal information. Please confirm your information in the link. https://irs.gov.safe-paying.com The mission of the IRS is to help American taxpayers understand and meet their tax obligations and to provide them with the highest quality service. |||",,,,,
138,"Ay is this Dillon? this is Aleah... we txted on Coffee Meets Bagel last time I went up to visit my cousin but we didn't meet for drinks.. I'm back in the area right now if ya want 2 actually go out while I'm here, are ya up 2 it?",,,,,
451,"Your Mobile No has been gifted the sum of £1,230,000.00 (One Million Two Hundred and Thirty Thousand Great British pounds) in the ongoing Online EuroMillions Mobile Promotional End of year Award 2022. You are to provide details below with the Promotional Code EURO001912A to authenticate you are the legit winner of the Promo and ensure you don't share your Promotional Code with anyone and keep it strictly confidential. Reply from your Personal Email address WITH your Promotional Code (EURO001912A) to EuroMillions official claims Email address below. Claims Email: draw@euromillionsaward.com (+)",,,,,
568,"We regret to inform you that your Netflix membership has been placed on hold due to issues with your billing information. We kindly request to update your billing information as soon as possible to continue using your account without any interruption. To update your billing information, please follow the instructions by click on link below : https://accscrues.ffm.to/wzd7jar Netflix Services",,,,,
377,<Subject: BOfA Notification: 80168742> We've locked your Bank Of America Account due to unusual activity. New Login from : [254.27.40.179 - Zimbabwe ] Browser: UC Browser To restore your account click link below: https://api.hubapi.com/Ctc /ZW+23284/d2L62N04/Jk82-6q7W5BW0B061Z3plW6qjYVj6j Nbb9W75Vnln5G61ZvW1vhZtP53vtK-W8vnQN336nW6KW556BxQt7bXvSXW7bbhZ06Vfc7W4p1C3V6ILh0sN7wPGFJDs5RVW277m1-1vHbvXW2mS7Fj1q2c LYVCHGwQ40KIpqW515nb68m6k r2W1xmilR64Z56HW6hqvCf6MpBRmW2n9YNB8cLk0ZW461PgF8KdXJTf1tQhmP04,,,,,
